{"cameraMode":{"drawMode":0,"name":"Shaded","section":"Shading Mode"},"sceneLighting":true,"audioPlay":false,"sceneViewState":{"m_AlwaysRefresh":false,"showFog":true,"showSkybox":true,"showFlares":true,"showImageEffects":true,"showParticleSystems":true,"showVisualEffectGraphs":true,"m_FxEnabled":true},"in2DMode":false,"pivot":{"x":24.348514556884767,"y":-15.434541702270508,"z":39.15361785888672},"rotation":{"x":0.4876568615436554,"y":0.42260101437568667,"z":-0.29191893339157107,"w":0.705970048904419},"size":15.219928741455079,"orthographic":false}