{"cameraMode":{"drawMode":0,"name":"Shaded","section":"Shading Mode"},"sceneLighting":false,"audioPlay":false,"sceneViewState":{"m_AlwaysRefresh":false,"showFog":true,"showSkybox":false,"showFlares":true,"showImageEffects":true,"showParticleSystems":true,"showVisualEffectGraphs":true,"m_FxEnabled":true},"in2DMode":false,"pivot":{"x":86.46015930175781,"y":-9.131190299987793,"z":60.609127044677737},"rotation":{"x":0.014350497163832188,"y":0.9837391376495361,"z":-0.09174962341785431,"w":0.15380968153476716},"size":57.81901931762695,"orthographic":true}